{
    "fps_medio": 14.45260770374977,
    "fps_minimo": 7.303752435713701,
    "fps_maximo": 20.626541100100813,
    "tempo_medio_inferencia": 0.06919166564941406,
    "tempo_total": 3.459583282470703
}